INSERT INTO employee (ID, name, surname, pesel, position_job, department)
VALUES (1,'Jakub','Zieliński','87070883117','Senior Specialist','Poznań');

INSERT INTO employee (ID, name, surname, pesel, position_job, department)
VALUES (2,'Adam','Konieczny','90010773463','Regular Specialist','Gdańsk');

INSERT INTO employee (ID, name, surname, pesel, position_job, department)
VALUES (3,'Izabella','Kaźmierczak','91070457388','Manager','Gdańsk');

INSERT INTO employee (ID, name, surname, pesel, position_job, department)
VALUES (4,'Klaudia','Kucharska','01101294647','Junior Specialist','Warszawa');

INSERT INTO employee (ID, name, surname, pesel, position_job, department)
VALUES (5,'Hubert','Janicki','88091909299','Senior Specialist','Warszawa');

INSERT INTO employee (ID, name, surname, pesel, position_job, department)
VALUES (6,'Sonia','Brzezińska','92100517799','Junior Specialist','Poznań');

INSERT INTO employee (ID, name, surname, pesel, position_job, department)
VALUES (7,'Daniela','Kozioł','98051994814','Regular Specialist','Poznań');

INSERT INTO employee (ID, name, surname, pesel, position_job, department)
VALUES (8,'Mirosław','Przybylski','99302776263','Junior Specialist','Warszawa');

INSERT INTO employee (ID, name, surname, pesel, position_job, department)
VALUES (9,'Julita','Wierzbicka','76062160677','Senior Specialist','Poznań');

INSERT INTO employee (ID, name, surname, pesel, position_job, department)
VALUES (10,'Olaf','Domański','91100470178','Junior Specialist','Gdańsk');

INSERT INTO employee (ID, name, surname, pesel, position_job, department)
VALUES (11,'Roksana','Miazga','90050156465','Regular Specialist','Poznań');

INSERT INTO employee (ID, name, surname, pesel, position_job, department)
VALUES (12,'Remigiusz','Sadowski','75112477858','Manager','Warszawa');

INSERT INTO employee (ID, name, surname, pesel, position_job, department)
VALUES (13,'Tymon','Kurowski','80090474035','Manager','Poznań');

INSERT INTO employee (ID, name, surname, pesel, position_job, department)
VALUES (14,'Aneta','Nowak','74122507047','Senior Specialist','Poznań');

INSERT INTO employee (ID, name, surname, pesel, position_job, department)
VALUES (15,'Błażej','Nowak','00121905437','Regular Specialist','Gdańsk');

INSERT INTO employee (ID, name, surname, pesel, position_job, department)
VALUES (16,'Klaudiusz','Kaczmarczyk','82050788699','Senior Specialist','Gdańsk');

INSERT INTO employee (ID, name, surname, pesel, position_job, department)
VALUES (17,'Blanka','Mazurkiewicz','79020113544','Regular Specialist','Warszawa');

INSERT INTO employee (ID, name, surname, pesel, position_job, department)
VALUES (18,'Feliks','Gajda','94102371733','Junior Specialist','Warszawa');

INSERT INTO employee (ID, name, surname, pesel, position_job, department)
VALUES (19,'Emil','Kurowski','99020933396','Regular Specialist','Gdańsk');

INSERT INTO employee (ID, name, surname, pesel, position_job, department)
VALUES (20,'Rozalia','Jasińska','72090207024','Senior Specialist','Gdańsk');


/* INSERT INTO CUSTOMER */

INSERT INTO customer(ID, name, surname, pesel, phone, city)
VALUES(1, 'Gabriel', 'Kania', '20011594813', '+48878947546', 'Bydgoszcz');

INSERT INTO customer(ID, name, surname, pesel, phone, city)
VALUES(2, 'Wiesław', 'Piątek', '60021775710', '+48956032509', 'Zielona Góra');

INSERT INTO customer(ID, name, surname, pesel, phone, city)
VALUES(3, 'Tatiana', 'Pająk', '00240742322', '+48678045678', 'Sopot');

INSERT INTO customer(ID, name, surname, pesel, phone, city)
VALUES(4, 'Maksymilian', 'Nowakowski', '99231232350', '+48876047365', 'Świętochłowice');

INSERT INTO customer(ID, name, surname, pesel, phone, city)
VALUES(5, 'Monika', 'Marciniak', '75121104867', '+48986047222', 'Żory');

INSERT INTO customer(ID, name, surname, pesel, phone, city)
VALUES(6, 'Józef', 'Przybylski', '78021506551', '+48999578376', 'Legnica');

INSERT INTO customer(ID, name, surname, pesel, phone, city)
VALUES(7, 'Marcel', 'Marek', '69121253232', '+48888364777', 'Gdynia');

INSERT INTO customer(ID, name, surname, pesel, phone, city)
VALUES(8, 'Władysława', 'Krajewska', '89060973084', '+48986476009', 'Przemyśl');

INSERT INTO customer(ID, name, surname, pesel, phone, city)
VALUES(9, 'Bogumiła', 'Wrona', '72040477847', '+48957460987', 'Koszalin');

INSERT INTO customer(ID, name, surname, pesel, phone, city)
VALUES(10, 'Jakub', 'Klimek', '95040899958', '+48777096546', 'Suwałki');

INSERT INTO customer(ID, name, surname, pesel, phone, city)
VALUES(11, 'Sebastian', 'Brzeziński', '59010801310', '+48789573650', 'Sopot');

INSERT INTO customer(ID, name, surname, pesel, phone, city)
VALUES(12, 'Denis', 'Wysocki', '81111625258', '+48657460987', 'Kalisz');

INSERT INTO customer(ID, name, surname, pesel, phone, city)
VALUES(13, 'Martyna', 'Bukowska', '76042835144', '+48777895760', 'Ruda Śląska');

INSERT INTO customer(ID, name, surname, pesel, phone, city)
VALUES(14, 'Norbert', 'Kucharski', '49112304075', '+48657809564', 'Sopot');

INSERT INTO customer(ID, name, surname, pesel, phone, city)
VALUES(15, 'Julianna', 'Kowalska', '71082485249', '+48678058765', 'Leszno');

INSERT INTO customer(ID, name, surname, pesel, phone, city)
VALUES(16, 'Kuba', 'Kowalski', '77022868912', '+48987054765', 'Leszno');

INSERT INTO customer(ID, name, surname, pesel, phone, city)
VALUES(17, 'Józefa', 'Chojnacka', '74062229509', '+48768095765', 'Świnoujście');

INSERT INTO customer(ID, name, surname, pesel, phone, city)
VALUES(18, 'Antonina', 'Matusiak', '86050641769', '+48765984090', 'Kalisz');

INSERT INTO customer(ID, name, surname, pesel, phone, city)
VALUES(19, 'Kaja', 'Karpińska', '84110999423', '+48777890987', 'Gdańsk');

INSERT INTO customer(ID, name, surname, pesel, phone, city)
VALUES(20, 'Ksawery', 'Żak', '96072925538', '+48909876567', 'Rybnik');

INSERT INTO customer(ID, name, surname, pesel, phone, city)
VALUES(21, 'Józef', 'Małecki', '58031192986', '+48987543123', 'Krosno');

INSERT INTO customer(ID, name, surname, pesel, phone, city)
VALUES(22, 'Wiktor', 'Laskowski', '78040808612', '+48909543879', 'Gliwice');

/* INSERT INTO CONTRACT_TYPE */

INSERT INTO contract_type(shortcut, full_name)
VALUES('CoE', 'contract of employment');

INSERT INTO contract_type(shortcut, full_name)
VALUES('CfW', 'contract for specific work');

INSERT INTO contract_type(shortcut, full_name)
VALUES('CoM', 'contract of mandate');

INSERT INTO contract_type(shortcut, full_name)
VALUES('B2B', 'business to business contract');

/* INSERT INTO SALARY */

INSERT INTO salary(type)
VALUES('pernament');

INSERT INTO salary(type)
VALUES('per hour');

/* INSERT INTO CONTRACT */

INSERT INTO contract(employee_ID, type, date_from, time_in_months)
VALUES
	(1, 'CoM', '2012-10-03', 3),
	(2, 'CoE', '2012-10-20', null),
	(3, 'CoE', '2012-10-20', null),
	(1, 'CoE', '2013-01-03', null),
	(4, 'CfW', '2014-04-10', 3),
	(5, 'B2B', '2014-08-03', 3),
   	(5, 'B2B', '2014-11-03', 3),
 	(5, 'B2B', '2015-02-03', 6),
    	(7, 'CoM', '2015-04-01', 12),
    	(5, 'B2B', '2015-08-03', null),
    	(7, 'CoM', '2016-04-03', 12),
    	(7, 'CoM', '2017-04-03', null),
    	(12, 'CoM', '2017-05-01', null),
    	(10, 'CoE', '2017-10-03', null),
    	(8, 'CoE', '2018-02-03', null),
	(9, 'CfW', '2018-05-20', 24),
    	(11, 'CoE', '2019-06-17', null),
    	(15, 'CoE', '2020-01-03', null),
    	(9, 'CfW', '2020-05-20', 24),
   	(16, 'CoE', '2020-10-01', null),
    	(17, 'CoE', '2020-10-01', 12),
    	(13, 'CoE', '2020-10-03', null),
    	(6, 'CoE', '2020-10-13', null),
	(14, 'B2B', '2020-12-01', 36),
    	(17, 'CoE', '2021-10-01', null),
    	(18, 'CoM', '2021-10-01', 36),
 	(19, 'CoE', '2021-11-01', null),
    	(20, 'CoM', '2021-11-01', 3);

/* INSERT INTO CONTRACT_SALARY */

INSERT INTO contract_salary(contract_ID, salary_ID, amount)
VALUES
	(1, 2, 18),
	(2, 1, 2400),
	(3, 1, 5000),
	(4, 1, 3000),
	(5, 2, 17),
	(6, 1, 3250),
	(7, 1, 2560),
	(8, 1, 3400),
	(9, 2, 18.40),
	(10, 1, 2800),
	(11, 2, 19),
	(12, 2, 22),
	(13, 2, 19),
	(14, 1, 4000),
	(15, 1, 3050),
	(16, 2, 19.40),
	(17, 1, 3400),
	(18, 1, 2980),
	(19, 2, 3400),
	(20, 1, 2600),
	(21, 1, 2800),
	(22, 1, 3200),
	(23, 1, 3460),
	(24, 1, 2760),
	(25, 1, 2890),
	(26, 2, 3000),
	(27, 1, 3290),
	(28, 2, 19);

/* INSERT INTO HOLIDAY */

INSERT INTO holiday(employee_ID, reason, date_from, date_to, paid)
VALUES
	(3, 'maternity leave', '2013-09-27', '2014-09-28', 'Y'),
	(2, 'sick leave', '2013-12-01', '2014-01-10', 'Y'),
	(2, 'sick leave', '2014-06-05', '2014-06-12', 'Y'),
	(1, 'normal leave', '2015-06-10', '2015-06-28', 'Y'),
   	(10, 'normal leave', '2015-06-10', '2015-06-28', 'Y'),
	(10, 'leave on request', '2015-10-10', '2015-10-12', 'Y'),
    	(12, 'leave on request', '2015-10-15', '2015-10-15', 'N'),
    	(17, 'maternity leave', '2015-12-04', '2016-12-30', 'Y'),
	(12, 'leave on request', '2015-12-10', '2015-12-10', 'N'),
	(1, 'sick leave', '2016-08-12', '2016-08-19', 'Y'),
    	(2, 'sick leave', '2016-09-27', '2016-10-01', 'Y'),
	(1, 'normal leave', '2017-06-12', '2017-06-30', 'Y'),
	(1, 'leave on request', '2017-10-20', '2017-10-21', 'Y'),
    	(7, 'leave on request', '2017-12-03', '2017-12-05', 'N'),
	(5, 'normal leave', '2017-12-21', '2018-01-10', 'N'),
    	(7, 'leave on request', '2018-02-07', '2018-02-10', 'N'),
	(12, 'leave on request', '2018-02-10', '2018-02-10', 'N'),
	(2, 'sick leave', '2018-03-04', '2018-03-18', 'Y'),
    	(12, 'leave on request', '2018-05-12', '2018-05-15', 'N'),
    	(10, 'normal leave', '2018-09-19', '2018-09-23', 'Y'),
    	(5, 'normal leave', '2019-04-16', '2019-06-16', 'N'),
    	(8, 'normal leave', '2019-05-08', '2019-05-15', 'Y'),
    	(8, 'normal leave', '2019-07-09', '2019-07-16', 'Y'),
	(2, 'normal leave', '2019-07-14', '2019-07-28', 'Y'),
    	(8, 'sick leave', '2019-11-06', '2019-11-21', 'Y'),
	(8, 'normal leave', '2019-12-20', '2019-12-30', 'Y'),
	(15, 'normal leave', '2020-05-09', '2020-05-19', 'Y'),
	(9, 'sick leave', '2020-08-06', '2020-08-16', 'N'),
    	(15, 'normal leave', '2020-08-10', '2020-09-10', 'Y'),
	(5, 'normal leave', '2020-10-10', '2020-10-19', 'N'),
	(15, 'normal leave', '2021-06-10', '2021-06-15', 'Y');

/* INSERT INTO CAR */

INSERT INTO car (brand, model, year, body_type, KM, gearbox, engine_capacity, combustion, fuel_type, number_of_doors, number_of_seats, color, price_per_day)
VALUES 
('Hyundai', 'I20', 2021, 'Hatchback', 84, 'Manual', 1.2, 4.5, 'Patrol', 5, 5, 'Blue', 130),
('Ford', 'Fiesta', 2021, 'Hatchback', 85, 'Manual', 1.1, 5,  'Patrol', 5, 5, 'White',  150),
('Toyota', 'Yaris', 2019, 'Hatchback', 110, 'Manual', 1.5, 6,'Patrol', 5, 5, 'Blue',  150),
('Kia', 'Ceed', 2020, 'Hatchback', 160, 'Manual', 1.5, 6, 'Patrol', 5, 5, 'Black',  190),
('Toyota', 'Corolla', 2021, 'Sedan', 132, 'Manual', 1.6, 6, 'Patrol', 4, 5, 'Black',  150),
('Hyundai', 'I30', 2020, 'Combi', 110, 'Manual', 1.5, 5.5, 'Patrol', 5, 5, 'Red',  130),
('Mazda', '6', 2021, 'Combi', 145, 'Automatic', 2.0, 8, 'Patrol', 5, 5, 'Red', 280),
('Toyota', 'Camry', 2021, 'Sedan', 218, 'Automatic', 2.5, 7, 'Patrol', 5, 5, 'Silver',  300),
('Nissan', 'Qashqai', 2021, 'SUV', 140, 'Manual', 1.3, 8, 'Patrol', 5, 5, 'Silver', 250),
('Kia', 'Sportage', 2020, 'SUV', 132, 'Manual', 1.6, 7.2, 'Patrol', 5, 5, 'White', 250),
('Toyota', 'C-HR', 2021, 'SUV', 122, 'Automatic', 1.8, 5, 'Patrol', 5, 5, 'Red', 240),
('Volkswagen', 'Passat', 2018, 'Sedan', 150, 'Manual', 1.8, 10, 'Diesel', 5, 5, 'Silver', 150),
('Opel', 'Astra', 2018, 'Hatchback', 140, 'Manual', 1.4, 8, 'Patrol', 5, 5, 'Brown', 120),
('Skoda', 'Octavia', 2019, 'Combi', 115, 'Manual', 1.8, 7, 'Diesel', 5, 5, 'Black', 130),
('Audi', 'A3', 2018, 'Hatchback', 116, 'Manual', 1.6, 7, 'Patrol', 5, 5, 'Brown', 120),
('Seat', 'Leon', 2018, 'Combi', 131, 'Manual', 1.5, 7, 'Patrol', 5, 5, 'Silver', 130),
('Mercedes-Benz', 'C class', 2020, 'Sedan', 272, 'Automatic', 2.0, 13, 'Patrol', 4, 5, 'Red', 190);